6601099999,BASEL BINNINGEN,7.5833333,47.55,2024,2024
45001099999,CHEUNG CHAU,114.017,22.2,1993,1993
45004099999,KOWLOON,114.1727778,22.3119444,1992,2000
45005099999,HONG KONG OBSERVATORY,114.1666666,22.3,1946,1992
45032099999,TA KWU LING,114.15,22.5333333,1993,2024
45033099999,KAT O,114.3,22.5333333,1993,1993
45034099999,TAI MEI TUK,114.2333333,22.4833333,1993,1993
45035099999,LAU FAU SHAN,113.9833333,22.4666666,2004,2024
45039099999,SHA TIN,114.2,22.4,2004,2024
45044099999,CHEUNG CHAU,114.0166666,22.2,2002,2024
45045099999,WAGLAN ISLAND,114.3,22.1833333,2007,2024
46589099999,HSIA TA CHEN SHAN CHINA SEA,121.917,28.417,1954,1955
46686099999,CHIANG KAI SHEK INTERNATIONAL,121.232822,25.077731,1979,2024
46688099999,MATSU,120,26.233,1973,1973
46688899999,BEIGAN,120.00275,26.224153,1999,2000
46689099999,NANGAN,119.958472,26.159778,1954,1999
46690099999,TANSHUI,121.433,25.167,1973,1977
46692099999,TAIBEI,121.517,25.033,1973,1998
46694099999,CHILUNG,121.8,25.15,1973,1998
46695099999,PENGJIA YU 589740,122.067,25.633,1973,1998
46696099999,SUNGSHAN,121.551667,25.069444,1946,2024
46697099999,TAOYUAN,121.24255,25.055722,1949,2000
46699099999,HUA LIEN CITY,121.6,23.9833333,1973,1998
46706099999,SUAO MET STATION,121.85,24.6,1982,1998
46708099999,ILAN CITY,121.783,24.75,1973,1998
46730099999,DONGSHI,119.6666667,23.2666667,1973,2000
46734099999,MAGONG,119.628311,23.568669,1949,2000
46735099999,PENGHU ISLANDS,119.5,23.5,1973,1998
46736099999,SHANG YI,118.359197,24.427892,1954,2000
46737399999,BAKUAI PA KUEI,121.3,24.933,1988,1990
46738099999,PA KUEI BAKUAI,121.3,24.9333333,1981,2000
46740099999,KAOHSIUNG INTERNATIONAL,120.350006,22.577094,1973,2024
46740399999,FENGNIN,121.101681,22.754986,1982,2024
46741099999,TAINAN 593580,120.217,23,1973,1998
46743099999,TAINAN,120.205778,22.950361,1947,2024
46744099999,KAOHSIUNG,120.283,22.633,1950,1998
46745099999,GANGSHAN,120.262169,22.782508,1954,2000
46746099999,CHIAYI,120.39283,23.461779,1949,2000
46747099999,DONGGANG 595530,120.4333333,22.4666667,1973,1974
46748099999,CHIAYI,120.45,23.5,1954,1998
46749099999,TAICHUNG 591580,120.683,24.15,1973,1998
46750099999,PINGTUNG SOUTH,120.461728,22.672367,1954,2000
46751099999,TAICHUNG,120.653775,24.186269,1946,2000
46752099999,HENGCHUN,120.730208,22.041075,1950,1998
46753099999,MOUNT ALISAN,120.8,23.517,1973,1998
46754099999,DAWU,120.9,22.35,1973,1998
46755099999,MOUNT MORRISON,120.95,23.483,1973,1998
46756099999,HSINCHU,120.939394,24.818033,1954,2000
46757099999,HSINCHU CITY,120,24.833,1973,1998
46758099999,PINGTUNG NORTH,120.482,22.700239,1973,2000
46759099999,HENGCHUN 595590,120.75,22,1973,1998
46760099999,JHIHHANG,121.181975,22.793117,1949,2000
46761099999,CHENG KUNG,121.367,23.1,1973,1998
46762099999,LANYU,121.533642,22.028842,1973,1998
46763099999,HUALIEN,121.617778,24.023056,1946,2000
46764099999,ILAN,121.7666667,24.75,1949,1998
46765099999,JOYUTANG,120.85,23.883,1973,1998
46766099999,TAIDONG 595620,121.15,22.75,1973,1998
46769099999,LUNG TAN TAFB,121.233,24.867,1952,1965
46770099999,CHING CHUAN KANG AB,120.62058,24.264668,1952,2024
46771099999,SHIH KANG SOUTHEAST,120.8,24.25,1954,1955
46772099999,CHIA TUNG,120.55,22.4166667,1954,1999
46777099999,WU CHI OBSERVATORY,120.517,24.25,1978,1998
46780099999,LU TAO,121.5,22.683,1986,1999
46810099999,DONGSHA,116.7166666,20.6666666,1973,1998
46811099999,PRATAS ISLAND,116.717,20.717,1973,1997
46902099999,NENSHA ISL 599970,114.367,10.383,1949,1998
47031199999,MEILAN,110.458961,19.934856,2004,2024
47031299999,ZHENGDING,114.6973,38.280686,2004,2024
50136099999,MOHE,122.5333333,52.9666666,1973,2024
50246099999,TA HE,124.8,52.333,1973,1991
50349099999,JIU HAI LAI,124.05,51.133,1979,1991
50353099999,HUMA,126.6333333,51.7333333,1956,2024
50425099999,SAN HE,120.067,50.5,1957,1991
50434099999,TULIHE,121.7,50.45,1957,2024
50442099999,XIAO YANG QI,124.283,50.8,1973,1991
50468099999,AIHUI,127.45,50.25,1961,2024
50514099999,MAN ZHOU LI,117.467,49.55,1958,1991
50527099999,HAILAR,119.7,49.25,1956,2024
50528099999,HAI LAR TUNGSHAN,119.8,49.217,1980,1980
50548099999,XIAO ERGOU,123.7166666,49.2,1957,2024
50557099999,NENJIANG,125.2333333,49.1666666,1956,2024
50564099999,SUNWU,127.35,49.4333333,1956,2024
50603099999,XIN BARAG YOUQI,116.8166666,48.6833333,1961,2024
50632099999,BUGT,121.9166666,48.7666666,1956,2024
50639099999,ZALANTUN,122.733,48,1956,1961
50646099999,BORDO,124.85,48.483,1957,1959
50656099999,LONG ZHEN,126.667,48.65,1961,1991
50658099999,KESHAN,125.8833333,48.05,1957,2024
50727099999,ARXAN,119.9333333,47.1666666,1956,2024
50741099999,NORTHEAST,133.5,47.9,1957,1959
50742099999,SAN CHEN FANG,124.167,47.783,1957,1991
50745099999,SANJIAZI,123.918131,47.239628,1956,2024
50756099999,HAILUN,126.8666666,47.45,1956,2024
50758099999,MING SHUI,125.883,47.25,1957,1991
50774099999,YICHUN,128.8333333,47.7,1957,2024
50775099999,HE GANG,130.2,47.35,1957,1991
50788099999,FUJIN,131.9833333,47.2333333,1956,2024
50834099999,TE PO SU K MIAO,121.367,46.5,1961,1991
50838099999,QARSAN SOUTHEAST,122.05,46.217,1956,1961
50844099999,TAILAI,123.45,46.4,1961,2024
50853099999,WANG KUI,126.483,46.833,1957,1991
50854099999,ANDA,125.3166666,46.3833333,1956,2024
50862099999,TIE LI,128.033,47.067,1957,1991
50873099999,CHIA MU SSU CHIAMUEZE,130.333,46.817,1956,1961
50877099999,YI LAN,129.55,46.3,1961,1991
50888099999,BAOQING,132.1833333,46.3166666,1957,2024
50915099999,ULIASTAI,116.9666666,45.5166666,1956,2024
50936099999,BAICHENG NORTHEAST,122.85,45.633,1956,1961
50949099999,QIAN GORLOS,124.8666666,45.0833333,1956,2024
50953099999,HARBIN,126.5666666,45.9333333,1956,2024
50963099999,TONGHE,128.7333333,45.9666666,1956,2024
50968099999,SHANGZHI,127.9666666,45.2166666,1956,2024
50978099999,JIXI,130.9166666,45.3,1956,2024
50983099999,HULIN,132.9666666,45.7666666,1973,2024
51053099999,KABA HE,86.35,48.05,1962,2024
51068099999,FUHAI BURULTOKAY,87.383,47.1,1962,1997
51076099999,ALTAY,88.0833333,47.7333333,1956,2024
51077099999,BOGUS CHINESE,88.367,47.167,1957,1957
51087099999,FUYUN,89.5166666,46.9833333,1956,2024
51133099999,TACHENG,83,46.7333333,1962,2024
51156099999,HOBOKSAR,85.75,46.8166666,1956,2024
51186099999,QINGHE QINGGLI,90.4,46.717,1962,1997
51232099999,PA ERH LU K O MOUNTAIN,82.567,45.95,1962,1997
51241099999,TO LI,83.617,45.95,1957,1997
51243099999,KARAMAY,84.85,45.6,1962,2024
51288099999,BAYTIK SHAN,90.5333333,45.3666666,1961,2023
51330099999,BOLE BORTALA,82.067,44.917,1962,1997
51334099999,JINGHE,82.8166666,44.5666666,1956,2024
51346099999,KUYTUN,84.967,44.433,1956,1996
51352099999,PAO TAI EAST,85.6,44.817,1956,1957
51356099999,SHIHEZI,86.033,44.3,1956,1996
51365099999,FUKANG,87.983,44.15,1962,1997
51379099999,QITAI,89.5666666,44.0166666,1956,2024
51430099999,INING,81.283,43.917,1956,1958
51431099999,YINING,81.3333333,43.95,1958,2023
51437099999,ZHAOSU MONGGOLKURE,81.117,43.167,1962,1997
51463099999,WU LU MU QI,87.6166666,43.7833333,1956,2024
51463599999,DIWOPU,87.474244,43.907106,1985,2024
51467099999,BALGUNTAY,86.3333333,42.6666666,1962,2023
51477099999,PAU YANG HU,88.467,43.2,1962,1997
51495099999,SHISANJIANFANG,91.7333333,43.2166666,1956,2024
51496099999,YIWANQUAN,92.1,43.383,1989,1992
51526099999,CHUGIRTY,80.85,42.8,1962,1997
51542099999,BAYANBULAK,84.15,43.0333333,1962,2024
51567099999,YANQI,86.567,42.05,1956,1996
51573099999,TURPAN,89.2333333,42.95,1956,2024
51581099999,SHANSHAN PIQAN,90.25,42.917,1989,1993
51628099999,WEN SU,80.233,41.267,1956,1996
51633099999,BAICHENG BAY,81.867,41.767,1962,1997
51638099999,KUQA SOUTHWEST,81.683,41.3,1962,1962
51642099999,LUNTAI BUGUR,84.167,41.783,1962,1997
51644099999,KUQA,82.95,41.7166666,1956,2024
51656099999,KORLA,85.8166666,41.7333333,1962,2024
51701099999,SAI K O LO T E MA,75.383,40.45,1962,1997
51705099999,AR TUX,76.167,39.667,1956,1997
51706099999,TEJAN,76.35,39.7,1956,1957
51709099999,KASHI,76.019956,39.542922,1957,2024
51711099999,AKQI,78.45,40.9333333,1957,2024
51716099999,BACHU,78.5666666,39.8,1956,2024
51720099999,CH I LAN TAI,79.533,40.533,1962,1997
51730099999,ALAR,81.05,40.5,1962,2024
51747099999,TAZHONG,83.6666666,39,2001,2024
51765099999,TIKANLIK,87.7,40.6333333,1957,2024
51777099999,RUOQIANG,88.1666666,39.0333333,1956,2023
51804099999,P U LI,75.233,37.783,1957,1960
51811099999,SHACHE,77.2666666,38.4333333,1956,2024
51818099999,PISHAN,78.2833333,37.6166666,1962,2024
51828099999,HOTAN,79.9333333,37.1333333,1956,2024
51839099999,MINFENG,82.7166666,37.0666666,1962,2000
51848099999,ANDIR,83.65,37.933,1962,1998
51855099999,QIEMO QARQAN,85.55,38.15,1956,2000
51886099999,MANGNAI,90.85,38.25,1961,2024
51895099999,ZILIUJING WEST,91.483,37.85,1956,1961
51915099999,SOGAT SOUTHWEST,78,36.333,1957,1958
51931099999,YUTIAN KERIYA,81.7,36.867,1956,2000
52101099999,BARKOL,92.85,43.583,1962,1997
52112099999,NAOMAOHU,95.1333333,43.6,2003,2024
52118099999,YIWU,94.7,43.2666666,1962,2002
52203099999,HAMI,93.5166667,42.8166667,1956,2024
52267099999,EJIN QI,101.0666666,41.95,1960,2023
52268099999,APPROXIMATE LOCALE,101.667,42.083,1980,1981
52313099999,XING XING XIA,95.133,41.783,1956,1996
52323099999,MAZONG SHAN,97.0333333,41.8,1962,2024
52343099999,SHU LUN CHING,100,41.95,1961,1961
52353099999,DALAIN HOB EAST,100.883,41.967,1957,1958
52378099999,GUAIZIHU,102.3666666,41.3666666,1962,2024
52391099999,PANG TING TO TO KAI,103.967,41.75,1961,1964
52418099999,DUNHUANG,94.6833333,40.15,1956,2023
52424099999,AN XI,96,40.5,1957,1998
52434099999,YUMENZHEN NORTHEAST,97.183,40.467,1962,1962
52436099999,YUMENZHEN,97.0333333,40.2666666,1956,2024
52441099999,BEISHAN MTNS,98.617,40.717,1973,1988
52446099999,SHUANGCHENGTZU,99.8,40.4,1956,2000
52447099999,JINTA,98.9,39.817,1989,1997
52495099999,BAYAN MOD,104.5,40.75,1962,2024
52523099999,APPROXIMATE LOCALE,96.75,39.833,1980,1981
52533099999,JIUQUAN SUZHOU,98.4833333,39.7666667,1946,2024
52533199999,ZHONGCHUAN,103.620078,36.515231,2004,2024
52546099999,GAOTAI WEST,99.717,39.383,1956,1961
52576099999,LAI YEN CH IH,102.833,39.383,1957,1997
52602099999,LENGHU,93.3833333,38.8333333,1957,2024
52618099999,DANGCHENGWAN SOUTH,94.833,39.167,1962,1962
52633099999,TUO LE,98.417,38.8,1962,2000
52645099999,YEH NIU KOU,99.55,38.467,1962,1997
52651099999,ZHANG YE SOUTH,100.4,38.817,1956,1985
52652099999,ZHANGYE,100.2833333,39.0833333,1960,2024
52653099999,ZHANG YE SOUTHEAST,100.667,38.8,1980,1980
52657099999,BABAO,100.25,38.233,1962,1997
52661099999,SHAN DAN,101.083,38.8,1956,1997
52674099999,JIN CHANG,102.183,38.467,1964,1997
52679099999,CAIQI SOUTHEAST,102.917,38.083,1956,1961
52681099999,MINQIN,103.0833333,38.6333333,1957,2024
52702099999,SHA LIANG ZI,93.35,37.917,1980,1981
52707099999,T A ERH TING,92.867,37.067,1957,2000
52713099999,DA QAIDAM,95.3666666,37.85,1957,2024
52737099999,DELINGHA,97.3666666,37.3666666,1956,2024
52740099999,HSIN YUAN,99.017,37.3,1990,1997
52744099999,KARMAR NORTHWEST,98.8,37.5,1962,1962
52753099999,BOGUS CHINESE,100.7,37.683,1980,1982
52754099999,GANGCA,100.1333333,37.3333333,1961,2024
52765099999,HAO MEN,101.617,37.367,1962,1999
52787099999,WUSHAOLING,102.8666666,37.2,1956,2024
52788099999,BOGUS CHINESE,103.4,37.233,1973,1981
52797099999,CHING T AI,104.217,37.133,1962,1997
52813099999,GOL MUD,95.35,36.817,1975,1981
52818099999,GOLMUD,94.9,36.4166666,1956,2024
52825099999,NUO MU HONG,96.467,36.45,1957,1997
52833099999,SERH,98.35,36.95,1989,1993
52836099999,DOULAN,98.1,36.3,1956,2024
52838099999,HSIANG JIH TE NE,97.75,36.067,1974,1974
52842099999,CHA KA,99.083,36.783,1962,1997
52856099999,GONGHE,100.783,36.35,1956,1998
52866099999,XINING,101.7666667,36.6166667,1956,2023
52868099999,HEY IN,101.433,36.033,1962,1997
52876099999,MINHE,102.833,36.333,1962,1997
52886099999,APPROXIMATE LOCALE,103.7,36.567,1974,1984
52889099999,LANZHOU,103.8833333,36.05,1956,2015
52895099999,JINGYUAN,104.683,36.583,1956,1997
52907099999,BOGUS CHINESE,92.833,35.167,1980,1981
52908099999,WUDAOLIANG,93.0833333,35.2166666,1957,2024
52941099999,NAME UNKNOWN,98.917,35.717,1990,1993
52943099999,XINGHAI,99.983,35.75,1960,1997
52947099999,APPROXIMATE LOCALE,98.75,35.167,1984,1985
52955099999,GUINAN,100.75,35.5833333,2001,2024
52957099999,TONGDE,100.65,35.267,1956,1998
52958099999,APPROXIMATE LOCALE,100.65,35.267,1974,1982
52968099999,SON AG,101.467,35.033,1962,1989
52978099999,XIAHE NORTH,102.5,35.233,1956,1958
52983099999,YU ZHONG,104.15,35.8666666,2004,2024
52984099999,LINXIA,102.983,35.467,1962,1997
52986099999,LINTAO,104,35.333,1957,1997
52996099999,HUAJIALING,105,35.3833333,1956,2024
53068099999,ERENHOT,112,43.65,1956,2024
53083099999,NARAN BULAG,114.15,44.6166666,1958,2024
53149099999,MANDAL,110.1333333,42.5333333,1958,2024
53192099999,ABAG QI,115,44.0166666,1956,2024
53195099999,ENGER SHOOTO,114.45,43.383,1957,1988
53231099999,HAILS,106.3833333,41.45,1961,2024
53276099999,JURH,112.9,42.4,1956,2023
53278099999,BOIN SUM,112.517,42.2,1989,1990
53336099999,HALIUT,108.5166666,41.5666666,1956,2024
53352099999,BAILING MIAO,110.4333333,41.7,1956,2024
53362099999,SHARA MORON SUME,111.533,42.033,1961,1991
53391099999,HUADE,114,41.9,1956,2024
53420099999,HANG CHIN HOU CHI NW,107.167,40.967,1956,1961
53446099999,BAOTOU,109.983,40.567,1956,1961
53463099999,BAITA,111.824103,40.851422,1956,2024
53478099999,YOU YU,112.333,40.167,1957,1997
53480099999,JINING,113.0666666,41.0333333,1956,2024
53487099999,DATONG,113.4166666,40.0833333,1957,2024
53502099999,JARTAI,105.75,39.7833333,1956,2024
53513099999,LINHE,107.4,40.7666666,1956,2024
53519099999,SHIZUISHAN DAWUKOU,106.4,39.05,1962,1997
53523099999,A LU CH IH LAO KA,108,39.883,1979,1981
53529099999,OTOG QI,107.9833333,39.1,1956,2024
53533099999,HANG GIN QI,108.733,39.85,1974,1982
53539099999,PA LA MU TU SHIH LI,108.9,39.15,1980,1981
53543099999,DONGSHENG,109.9833333,39.8333333,1973,2024
53546099999,XINJIE NW,109.75,39.283,1956,1963
53564099999,HEQU,111.2166666,39.3666666,1956,2024
53578099999,BOGUS CHINESE,112.417,39.3,1979,1982
53588099999,WUTAI SHAN,113.5166666,38.95,1956,2024
53593099999,YU XIAN,114.5666666,39.8333333,1956,2024
53602099999,ALXA ZUOQI BAYAN HO,105.533,38.833,1962,1997
53614099999,YINCHUAN,106.2166667,38.4833333,1956,2023
53615099999,YINCHUAN CITY,106.317,38.467,1962,1997
53646099999,YULIN,109.7833333,38.2666666,1956,2024
53652099999,BOGUS CHINESE,110.6,38.983,1980,1980
53663099999,WU ZHAI,111.833,38.917,1957,1959
53664099999,XINXIAN,112.717,38.4,1957,1994
53666099999,HSIA TAO HUNG SOUTH,111.833,38.4,1957,1962
53673099999,YUANPING,112.7,38.75,1956,2024
53681099999,BOGUS CHINESE,113,38.717,1980,1981
53698099999,SHIJIAZHUANG,114.35,38.0666666,1956,2024
53705099999,ZHONGNING,105.6833333,37.4833333,1956,2024
53723099999,YANCHI,107.3833333,37.8,1956,2024
53738099999,PIN KOU MEN,108.383,37.15,1961,1998
53740099999,ZI CHANG,109.65,37.133,1957,1997
53743099999,MI ZHI AIRFIELD,110.067,37.867,1980,1981
53745099999,APPROXIMATE LOCALE,109.583,37.467,1976,1982
53754099999,SUIDE,110.25,37.467,1962,1997
53764099999,LISHI,111.1,37.5,1957,2024
53772099999,WUSU,112.628428,37.746897,1956,2024
53782099999,YANGQUAN,113.567,37.817,1957,1996
53787099999,YUSHE,112.9833333,37.0666666,1957,2024
53798099999,XINGTAI,114.3666666,37.1833333,1957,2024
53805099999,HAI YUAN,105.65,36.567,1979,1981
53810099999,QI YING,106.15,36.55,1962,1997
53817099999,GUYUAN,106.283,36.017,1962,1997
53821099999,HUNG TE,107.2,36.767,1962,2000
53845099999,YAN AN,109.5,36.6,1956,2024
53853099999,XI XIAN,110.933,36.7,1961,1991
53863099999,JIEXIU,111.9166666,37.0333333,1956,2024
53868099999,CANYU NORTHEAST,111.45,36.15,1956,1961
53887099999,CHANG ZHI,113.117,36.2,1956,1961
53892099999,YONGNIAN NORTHWEST,114.45,36.8,1956,1957
53898099999,ANYANG,114.1333333,36.05,1957,2024
53903099999,XI JI,105.717,35.967,1962,1997
53915099999,PINGLIANG,106.6666666,35.55,1956,2024
53923099999,XIFENGZHEN,107.6333333,35.7333333,1956,2024
53929099999,CHANG WU,107.8,35.217,1980,1998
53942099999,LUO CHUAN,109.417,35.75,1957,1997
53947099999,TONGCHUAN,109.05,35.167,1956,1999
53959099999,YUNCHENG,111.0666666,35.1166666,1956,2024
53975099999,YANGCHENG,112.4,35.4833333,1961,2024
53986099999,GUGUZHAI NW,113.95,35.25,1956,1961
54001099999,TAI LE MIN SU MU,115.417,44.9,1990,1992
54012099999,XI UJIMQIN QI,117.6,44.5833333,1956,2024
54026099999,JARUD QI,120.9,44.5666666,1956,2024
54027099999,LINDONG,119.4,43.9833333,1956,2024
54041099999,KAITONG TONGYU,123.083,44.8,1957,1991
54049099999,CHANGLING,123.9666666,44.25,1956,2024
54063099999,WU CHAI CHAN,125.683,44.967,1957,1991
54080099999,SHAHEZI SE,127.6,44.483,1957,1959
54094099999,MUDANJIANG,129.6666666,44.5,1956,2024
54096099999,SUIFENHE,131.15,44.3833333,1956,2024
54097099999,MUDANJIANG NORTH,129.217,44.133,1957,1959
54102099999,XILIN HOT,116.1166666,43.95,1956,2024
54115099999,LINXI,118.0333333,43.6333333,1956,2024
54134099999,KAILU,121.317,43.617,1957,1993
54135099999,TONGLIAO,122.2666666,43.6,1956,2024
54142099999,WO HU TUN,123.6,43.7,1957,1993
54145099999,CHENG CHIZ T UN,123.5,43.5,1980,1981
54157099999,SIPING,124.3333333,43.1833333,1956,2024
54161099999,LONGJIA,125.680786,43.996419,1956,2024
54161199999,TAIPING,126.250328,45.623403,2004,2024
54172099999,JILIN,126.55,43.85,1957,1993
54181099999,JIAOHE SOUTH,127.15,43.717,1956,1961
54186099999,DUNHUA,128.2,43.3666666,1957,2024
54192099999,LUO ZI GOU+B352:B380,130.317,43.717,1957,1988
54195099999,WANG CH ING,129.75,43.317,1989,1991
54207099999,NAN JUAN ZI,115.683,42.3,1980,1981
54208099999,DUOLUN,116.4666666,42.1833333,1956,2024
54213099999,WUDAN ONGNIUD QI,119.033,42.967,1957,1991
54218099999,CHIFENG,118.8333333,42.3,1956,2024
54226099999,BUGT,120.7,42.3333333,1957,2024
54235099999,HA ERH T AO,122.133,42.5,1980,1980
54236099999,ZHANGWU,122.5333333,42.4166666,1956,2024
54237099999,FUXIN,121.633,42,1957,2002
54259099999,QINGYUAN,124.8666666,42.0666666,1957,2024
54266099999,MEIHEKOU WEST,125.633,42.517,1956,1961
54273099999,HUADIAN,126.75,42.9833333,1957,2024
54284099999,FUSONG,127.283,42.333,1961,1991
54285099999,LUSHUIHE,127.8,42.517,1958,1991
54287099999,SONGJIANGHE,127.5,42.167,1961,1991
54292099999,YANJI,129.5,42.8833333,1956,2024
54308099999,FENGNING,116.6333333,41.2,1957,2024
54311099999,WEICHANG,117.75,41.9333333,1956,2024
54324099999,CHAOYANG,120.45,41.55,1957,2024
54326099999,CHAOYANG AIRFIELD,120.433,41.583,1957,1991
54335099999,GOUBANGZI,121.8,41.383,1957,2002
54337099999,JINZHOU,121.1166666,41.1333333,1956,2024
54339099999,ANSHAN,122.983,41.133,1957,2002
54342099999,SHENYANG,123.5166666,41.7333333,1956,2024
54342499999,TAOXIAN,123.483425,41.639842,1992,2024
54346099999,BENXI,123.7833333,41.3166666,1957,2024
54351099999,DA HUO FANG,124.083,41.883,1961,2001
54363099999,TONGHUA,125.917,41.717,1957,1998
54365099999,HUANREN,125.367,41.267,1957,2002
54374099999,LINJIANG,126.9166666,41.8,1957,2024
54377099999,JI AN,126.2166666,41.15,1956,2024
54386099999,CHANGBAI,128.1833333,41.4166666,1957,2024
54401099999,ZHANGJIAKOU,114.8833333,40.7833333,1956,2024
54405099999,HUAILAI,115.5,40.4166666,1956,2024
54423099999,CHENGDE,117.9166666,40.9666666,1956,2024
54429099999,ZUNHUA,117.967,40.2,1957,1992
54436099999,QINGLONG,118.95,40.4,1957,2024
54449099999,SHAN HAI GUAN,119.75,40,1956,1961
54454099999,SUIZHONG,120.35,40.35,1979,1994
54455099999,SHAHOUSUO,120.567,40.484,1957,1963
54471099999,YINGKOU,122.2,40.6666666,1956,2024
54476099999,BAIYANGGOU NW,122.75,40.35,1957,1959
54477099999,XIONG YUE CHENG,122.133,40.167,1980,1981
54483099999,CAOHEKOU,123.9,40.883,1956,1989
54486099999,SITAIZI,123.967,40.467,1957,1959
54493099999,KUANDIAN,124.7833333,40.7166666,1956,2024
54497099999,DANDONG,124.3333333,40.05,1956,2024
54498099999,APPROXIMATE LOCALE,124.333,40.117,1979,1982
54511099999,BEIJING CAPITAL INTERNATIONAL AIRPORT,116.584556,40.080111,1945,2024
54518099999,BAXIAN,116.4,39.05,1957,1997
54527099999,TIANJIN,117.1666666,39.1,1956,2024
54527399999,BINHAI,117.346183,39.124353,1981,2024
54528099999,TIAN JIN ZHANG GUI,117.35,39.133,1980,1980
54534099999,TANGSHAN,118.1,39.65,1956,2024
54539099999,LETING,118.9,39.4333333,1957,2024
54563099999,FUXIAN WAFANGDIAN,121.983,39.633,1957,1994
54575099999,CHENGZITAN,122.5,39.5,1957,1959
54577099999,LU DA ZHENG SHA HE,122.083,39.267,1980,1981
54584099999,SHISHAN NORTHEAST,123.067,39.717,1956,1961
54587099999,HAIYANG DAO,123.2166666,39.05,1957,2005
54602099999,BAODING,115.4833333,38.7333333,1956,2024
54606099999,SUNING,115.833,38.433,1957,1959
54616099999,CANGZHOU,116.833,38.333,1956,1995
54618099999,POTOU,116.55,38.0833333,1997,2024
54623099999,TANGGU,117.6,39.017,1957,1999
54624099999,HUANGHUA,117.35,38.383,1962,1991
54643099999,MOORED VESSEL,119.95,38.967,1986,1993
54646099999,MOORED VESSEL,119.683,38.35,1989,1994
54656099999,TUOJI ISLAND,120.783,38.167,1957,1986
54662099999,ZHOUSHUIZI,121.5386,38.965667,1956,2024
54705099999,NANGONG,115.383,37.367,1961,2001
54714099999,DEZHOU,116.317,37.433,1956,1994
54715099999,LINGXIAN,116.5666666,37.3333333,1995,2024
54725099999,HUIMIN,117.5333333,37.5,1956,2024
54736099999,YONGAN,118.733,37.55,1957,1994
54745099999,CANG SHANG,119.9,37.367,1980,1981
54751099999,CHANG DAO,120.7166666,37.9333333,1986,2024
54753099999,LONGKOU,120.3166666,37.6166666,1957,2024
54756099999,DA XIN DIAN,120.9,37.617,1981,1981
54757099999,APPROXIMATE LOCATIO,120.167,37.167,1977,1981
54758099999,LAI YANG AFLD,120.583,36.967,1979,1979
54763099999,YANTAI,121.4,37.55,1979,1981
54765099999,YANTAI NORTHEAST,121.367,37.55,1956,1961
54774099999,WEIHAI,122.033,37.45,1957,1992
54776099999,CHENGSHANTOU,122.6833333,37.4,1957,2024
54808099999,XINXIAN,115.6666666,36.2333333,1957,2024
54823099999,JINAN TSINAN,116.9833333,36.6833333,1956,2024
54826099999,TAI SHAN,117.1,36.25,1956,2024
54827099999,TAI AN,117.133,36.183,1957,1963
54830099999,LIN ZI,118.333,36.867,1957,1992
54836099999,YIYUAN,118.15,36.1833333,1961,2024
54843099999,WEIFANG,119.1833333,36.7666666,1956,2024
54846099999,GAO MI,119.733,36.383,1980,1981
54852099999,LAIYANG,120.65,36.983,1957,1993
54852599999,NANTONG,120.85,32.02,2016,2016
54857099999,LIUTING,120.374436,36.266108,1956,2024
54858099999,CANG KOU,120.367,36.167,1980,1980
54863099999,HAIYANG,121.1666666,36.7666666,1959,2024
54868099999,QIAN LI ISLAND,121.383,36.267,1961,1985
54871099999,SHIDAO,122.417,36.883,1956,1961
54906099999,HEZE CAOZHOU,115.433,35.25,1956,1995
54907099999,DING TAO,115.567,35.067,1980,1980
54909099999,DINGTAO,115.5166666,35.0833333,1995,2024
54916099999,YANZHOU,116.85,35.5666666,1956,2024
54929099999,FEZXZAN,117.95,35.25,1998,2024
54936099999,JUXIAN,118.75,35.55,1957,2002
54938099999,LINYI,118.35,35.05,1957,1997
54945099999,RIZHAO,119.5333333,35.4333333,1957,2024
54952099999,FLASHING LIGHT,120.483,35.967,1957,1992
55228099999,SHIQUANHE,80.0833333,32.5,1962,2024
55248099999,LUMARINGBO,84.05,32.3,1973,2000
55279099999,BAINGOIN,90.0166666,31.3666666,1957,2023
55294099999,P A NA,91.667,32.267,1980,2000
55299099999,NAGQU,92.0666666,31.4833333,1956,2024
55437099999,T U KO ERH HO KUNG,81.433,30.55,1973,2000
55472099999,XAINZA,88.6333333,30.95,1973,2023
55488099999,DEQEN SOUTH,90.083,30.333,1962,1962
55493099999,ZHA TE KE TANG,92.45,30.733,1973,1998
55569099999,LHAZE,87.683,29.067,1980,1999
55578099999,XIGAZE,88.8833333,29.25,1957,2024
55585099999,BOGUS CHINESE,90.25,29.5,1985,1996
55591099999,LHASA,91.1333333,29.6666667,1956,2023
55598099999,NEDONG,91.767,29.233,1962,1997
55664099999,TINGRI,87.0833333,28.6333333,1960,2024
55680099999,GYANGZE,89.633,29,1962,1995
55690099999,CHE KU,91.633,28.7,1987,1992
55696099999,LHUNZE,92.4666666,28.4166666,1961,2023
55773099999,PAGRI,89.0833333,27.7333333,1956,2024
56004099999,TUOTUOHE,92.4333333,34.2166666,1957,2024
56007099999,AMDO NORTHEAST,92.833,33.417,1962,1962
56016099999,BIE LI XI DU,95.033,34.1,1973,1990
56018099999,ZADOI,95.3,32.9,1957,2024
56021099999,QUMARLEB,95.7833333,34.1333333,1957,2024
56029099999,YUSHU,96.95,33.0166666,1956,2024
56029599999,YUSHU BATANG AIRPORT,97.1333333,32.8166666,2010,2010
56033099999,MADOI,98.2166666,34.9166666,1956,2024
56034099999,QINGSHUI HE,97.133,33.8,1957,1998
56038099999,SHIQU,98.1,32.983,1962,1998
56041099999,UNKNOWN,98.883,34.5,1962,1997
56046099999,DARLAG,99.65,33.75,1956,2024
56065099999,HENAN,101.6,34.7333333,1962,2024
56067099999,JIGZHI,101.483,33.467,1961,1997
56074099999,GA HAI,102.3,34.2,1989,1997
56075099999,LANG MU SI,102.617,34.1,1957,1988
56079099999,RUO ERGAI,102.9666666,33.5833333,1962,2024
56080099999,HEZUO,102.9,35,1958,2024
56093099999,WU SHAN,104.883,34.717,1956,2000
56096099999,WUDU,104.9166666,33.4,1956,2024
56106099999,SOG XIAN,93.7833333,31.8833333,1957,2023
56116099999,DENGQEN,95.6,31.4166666,1956,2024
56125099999,NANGQEN,96.2166667,32.25,1962,1997
56132099999,GAO RIK,97.933,32.5,1962,1977
56137099999,QAMDO,97.1666666,31.15,1956,2024
56144099999,DEGE,98.5666666,31.7333333,1957,2024
56146099999,GARZE,100,31.6166666,1956,2024
56151099999,LUO XUE,100.583,32.567,1973,1997
56152099999,SERTAR,100.3333333,32.2833333,1962,2024
56167099999,DAWU,101.1166666,30.9833333,1979,2024
56171099999,A BA,101.7,32.917,1957,1964
56172099999,BARKAM,102.2333333,31.9,1956,2024
56173099999,MA TANG,102.7,31.85,1973,2000
56178099999,XIAO JIN,102.367,31.017,1956,1997
56182099999,SONGPAN,103.6,32.6666666,1956,2024
56183099999,ZHENJIANGGUAN,103.733,32.333,1956,1961
56187099999,WENJIANG,103.8666666,30.75,2005,2024
56188099999,WENCHUAN,103.583,31.483,1962,1998
56193099999,PINGWU,104.5166666,32.4166666,1957,2006
56196099999,MIANYANG,104.7333333,31.45,1962,2024
56202099999,JIA LI,93.4,30.783,1962,1992
56227099999,CHING TO EAST,95.783,30.1,1956,1957
56247099999,BATANG,99.1,30,1956,2024
56251099999,XINLONG NYAGRONG,100.2,30.967,1962,1997
56257099999,LITANG,100.2666666,30,1956,2024
56265099999,QIAN NING,101.483,30.5,1957,1979
56287099999,YA AN,103,29.9833333,1956,2024
56294099999,SHUANGLIU,103.947086,30.578528,1956,2024
56312099999,NYINGCHI,94.4666666,29.5666666,1956,2024
56315099999,DABBA SOUTHWEST,100.167,29.033,1957,1963
56357099999,DAOCHENG,100.3,29.05,1964,2024
56374099999,KANGDING,101.9666666,30.05,1957,2024
56385099999,EMEI SHAN,103.3333333,29.5166666,1956,2024
56386099999,LESHAN,103.767,29.567,1962,1998
56441099999,BAME NORTHWEST,98.583,28.883,1962,1964
56444099999,DEQEN,98.8833333,28.45,1956,2024
56459099999,TU ZHA,100.933,28.15,1962,1998
56462099999,JIULONG,101.5,29,1956,2024
56462599999,DAYONG,100.4833333,29.1333333,2008,2016
56475099999,YUEXE,102.6,28.617,1957,1998
56485099999,HU JIA PU ZIIA,103.617,28.517,1957,1998
56492099999,YIBIN,104.6,28.8,1944,2024
56533099999,LA WAN,98.35,27.683,1961,1998
56543099999,ZHONGDIAN,99.7,27.7,1961,1998
56548099999,WEIXI,99.317,27.217,1957,1998
56565099999,YANYUAN,101.533,27.433,1962,1997
56571099999,XICHANG,102.2666666,27.9,1944,2024
56576099999,ZHAO ZI BA,102.85,27.6,1975,1982
56586099999,ZHAOTONG,103.75,27.3333333,1945,2024
56651099999,LIJING,100.2166667,26.8333333,1944,2024
56664099999,LA SHI,101.217,26.367,1962,1998
56671099999,HUILI,102.25,26.65,1956,2024
56681099999,APPROXIMATE LOCALE,103.167,26.833,1981,1981
56684099999,HUIZE,103.25,26.4,1957,2024
56691099999,WEINING,104.2833333,26.8666666,1957,2024
56738099999,MENG KA,97.867,25.217,1974,1981
56739099999,TENGCHONG,98.5,24.9833333,1957,2024
56741099999,LIU KU,98.85,25.783,1961,1998
56748099999,BAOSHAN,99.1833333,25.1166666,1944,2024
56751099999,DALI,100.1833333,25.7,1943,2024
56763099999,YUANMOU,101.8666666,25.7333333,1956,2023
56768099999,CHUXIONG,101.5166666,25.0166666,1944,2023
56777099999,JINSHAN NORTH,102.083,25.15,1974,1974
56778099999,WUJIABA,102.743536,24.992364,1942,2023
56786099999,ZHANYI,103.8333333,25.5833333,1944,2024
56793099999,PU AN,104.95,25.783,1962,1998
56838099999,RUILI,97.85,24,1961,2024
56856099999,JING DONG,100.85,24.433,1962,1998
56875099999,YUXI,102.567,24.45,1962,1998
56886099999,LUXI,103.7666666,24.5333333,1961,2024
56945099999,MENGDING,99.083,23.567,1962,1989
56946099999,GENGMA,99.4,23.55,1990,2024
56951099999,LINCANG,100.2166666,23.95,1956,2024
56954099999,LANCANG,99.9333333,22.5666666,1957,2024
56959099999,JINGHONG,100.7833333,22,1957,2024
56964099999,SIMAO,100.9833333,22.7666666,1944,2024
56965099999,MENG WANG,101.3,22.483,1974,1978
56966099999,YUANJIANG,101.9833333,23.6,1956,2024
56969099999,MENGLA,101.5833333,21.5,1973,2024
56975099999,YI SHA,102.367,23.317,1979,1982
56977099999,JIANGCHENG,101.8166666,22.6166666,1973,2024
56983099999,BING YUAN JIE,103.833,23.7,1981,1981
56985099999,MENGZI,103.3333333,23.45,1945,2024
56986099999,DEHOUJIE,103.867,23.583,1980,2000
56989099999,HE KOU,103.95,22.5,1956,1981
56994099999,WENSHAN,104.383,23.367,1962,1998
56999099999,MALIPO SOUTHEAST,104.7,23.133,1974,1974
57006099999,TIANSHUI,105.75,34.5833333,1956,2003
57014099999,BEIDAO,105.87,34.57,2005,2024
57016099999,BAOJI,107.133,34.35,1956,2004
57023099999,CUI MU,107.867,34.8,1962,1979
57025099999,FENGXIANG,107.3833333,34.5166666,2005,2024
57026099999,APPROXIMATE LOCALE,107.95,34.483,1979,1981
57034099999,QIAN XIAN,108.233,34.533,1962,1997
57036099999,XIANYANG,108.751592,34.447119,1956,2024
57046099999,HUA SHAN,110.0833333,34.4833333,1956,2024
57051099999,BUCHANG SOUTHEAST,110.167,34.833,1957,1959
57067099999,LUSHI,111.0666666,34.0833333,1956,2024
57071099999,MENGJIN,112.4333333,34.8166666,1983,2024
57072099999,JIUMENGJIN,112.633,34.817,1957,1958
57073099999,LUO YANG,112.417,34.667,1956,1983
57077099999,TIEN HU,112.1,34.15,1961,1991
57078099999,LYANG,112.467,34.15,1979,1980
57083099999,XINZHENG,113.840889,34.519672,1957,2024
57089099999,XUCHANG,113.967,34,1957,1991
57091099999,KAIFENG,114.417,34.75,1957,1991
57106099999,CHENG XIAN,105.75,33.75,1956,2000
57127099999,HANZHONG,107.0333333,33.0666666,1956,2024
57131099999,JINGHE,108.9666666,34.4333333,2006,2024
57134099999,WEN HUANG PING,108.25,33.45,1957,1997
57143099999,SHANGXIAN,109.95,33.917,1962,1997
57144099999,CHEN AN,109.15,33.417,1962,1998
57150099999,APPROXIMATE LOCALE,110.433,33.483,1979,1980
57156099999,SHANG NAN,110.883,33.533,1957,1991
57173099999,LUSHAN EAST,112.917,33.733,1974,1974
57178099999,NANYANG,112.4833333,33.1,1956,2024
57181099999,JIAXIAN,113.2166667,33.9666667,1957,1992
57189099999,YUSHAN SOUTH,113.817,33.15,1956,1958
57193099999,XIHUA,114.5166666,33.7833333,1956,2024
57203099999,WU TONG YUAN,105.7,32.817,1974,1974
57206099999,GUANG YUAN,105.8,32.433,1956,1981
57208099999,ZHAO HUA,105.683,32.333,1979,1981
57232099999,HAN YIN,108.517,32.9,1962,1997
57237099999,WANYUAN,108.0333333,32.0666666,1956,2024
57238099999,JAN CHIA PA,108.483,32.1,1973,1982
57245099999,ANKANG,109.0333333,32.7166666,1956,2024
57251099999,BAIHE,110.117,32.767,1989,2000
57253099999,YUN XIAN,110.8,32.8,1957,1988
57259099999,FANGXIAN,110.7666666,32.0333333,1959,2024
57265099999,LAOHEKOU,111.7333333,32.4333333,1956,2024
57278099999,APPROXIMATE LOCALE,112.633,32.317,1981,1982
57279099999,ZAOYANG,112.6666666,32.15,1957,2024
57290099999,ZHUMADIAN,113.9166666,32.9333333,1958,2024
57297099999,XINYANG,114.05,32.1333333,1956,2024
57298099999,LUO SHAN,114.533,32.217,1973,1983
57306099999,LANGZHONG,105.9666666,31.5833333,1961,2024
57307099999,SANTAI,105.083,31.083,1974,1974
57313099999,BAZHONG,106.7,31.9,1957,1998
57328099999,DA XIAN,107.5,31.2,1956,2024
57348099999,FENGJIE,109.5333333,31.0166666,1956,2024
57367099999,APPROXIMATE LOCALE,111.167,31.167,1974,1974
57378099999,ZHONGXIANG,112.6333333,31.1666666,1956,2024
57385099999,SUIZHOU,113.367,31.717,1961,1999
57394099999,YINGSHAN NORTH,113.817,31.617,1957,1961
57399099999,MACHENG,114.95,31.1333333,1957,2024
57405099999,SUINING,105.583,30.5,1962,1998
57411099999,GAOPING,106.1333333,30.75,1956,2024
57426099999,LIANGPING,107.8,30.6833333,1956,2024
57432099999,WANXIAN,108.35,30.8,1962,1998
57445099999,APPROXIMATE LOCALE,109.533,30.6,1974,1974
57447099999,ENSHI,109.4666666,30.2833333,1945,2024
57448099999,EN SHI CHI AFB,109.483,30.3,1981,1981
57450099999,ZIGUI,110.7,31.017,1990,1991
57451099999,LU CONG PO,110.267,30.783,1957,1997
57458099999,WU FENG,110.667,30.2,1957,2000
57461099999,YICHANG,111.3666666,30.7333333,1956,2024
57462099999,YI CHANG CHI AFB,111.45,30.683,1980,1981
57476099999,JIANGLING,112.1833333,30.3333333,1957,2024
57483099999,FENSUIZUI NORTH,113.65,30.65,1957,1961
57494099999,TIANHE,114.2081,30.783758,1956,2024
57494199999,SANYA PHOENIX INTERNATIONAL,109.412269,18.302892,2004,2024
57503099999,NEIJIANG,105.1166666,29.6166666,2013,2024
57504099999,NEIJIANG,105.05,29.583,1956,2001
57506099999,DA ZU,105.767,29.633,1979,1981
57515099999,CHONG QING,106.483,29.517,1956,1986
57516099999,JIANGBEI,106.641678,29.719217,1944,2024
57522099999,FOU LING,107.4,29.717,1962,1998
57537099999,PENG SHUI,108.167,29.25,1957,1958
57545099999,LAIFENG,109.383,29.533,1945,2000
57554099999,SANGZHI,110.1666666,29.4,1959,2024
57562099999,SHI MEN,111.3,29.583,1959,2000
57574099999,ANXIANG,112.183,29.433,1959,1999
57576099999,NAN XIAN SOUTH,112.417,29.333,1957,1957
57583099999,PUQI,113.883,29.717,1957,2000
57584099999,YUEYANG,113.0833333,29.3833333,1956,2024
57598099999,XIUSHUI,114.5833333,29.0333333,1956,2024
57602099999,LUZHOU,105.433,28.883,1945,2002
57604099999,NAXI,105.3833333,28.7833333,2003,2024
57606099999,CH IH SHUI HO,105.933,28.483,1957,1998
57608099999,XUYONG YONGNING,105.433,28.217,1961,1998
57622099999,JINFO SHAN MOUNT,107.15,28.95,1956,1994
57633099999,YOUYANG,108.7666666,28.8333333,1956,2024
57649099999,QIAN ZHOU ZHEN,109.683,28.267,1960,1999
57655099999,YUANLING,110.4,28.4666666,1956,2024
57662099999,CHANGDE,111.6833333,29.05,1956,2024
57669099999,MEI CHENG ZHEN,111.633,28.15,1957,1999
57671099999,YUANJIANG,112.383,28.85,1957,2000
57679099999,CHANGSHA DATUOPU,113.0833333,28.2,1956,1986
57682099999,PINGJIANG,113.617,28.75,1959,1999
57687099999,CHANGSHA,112.7833333,28.1166666,1944,2024
57707099999,BIJIE,105.2333333,27.3,1956,2024
57708099999,DA FANG,105.6,27.15,1974,1982
57712099999,HUICHUAN,106.95,27.7333333,2019,2024
57713099999,ZUNYI,106.8833333,27.7,1956,2006
57716099999,APPROXIMATE LOCALE,106.833,27.5,1980,1982
57731099999,SINAN,108.25,27.95,1957,2024
57738099999,CHEN YUAN,108.4,27.05,1956,1958
57745099999,ZHIJIANG,109.6833333,27.45,1943,2024
57753099999,XU BU,110.583,27.917,1977,1980
57765099999,APPROXIMATE LOCALE,111.5,27.5,1980,1988
57766099999,SHAOYANG,111.45,27.1833333,1957,2024
57774099999,SHUANG FENG,112.2,27.45,1957,2000
57776099999,NANYUE,112.7,27.3,1956,2024
57793099999,YICHUN,114.3833333,27.8,1956,2024
57799099999,JI AN,114.9666666,27.1166666,1956,2024
57802099999,APPROXIMATE LOCATIO,105.5,26.833,1980,1982
57803099999,ZHI JIN,105.767,26.7,1962,1998
57806099999,ANSHUN,105.967,26.267,1961,1999
57816099999,LONGDONGBAO,106.800703,26.538522,1945,2024
57825099999,MA JIANG,107.583,26.5,1945,1998
57832099999,SANSUI,108.6666666,26.9666666,1962,2024
57845099999,TONGDAO,109.7833333,26.1666666,1959,2024
57853099999,WUGANG,110.6333333,26.7333333,1957,2024
57866099999,LINGLING,111.6166666,26.2333333,1943,2024
57872099999,HENGYANG,112.583,26.933,1943,2000
57883099999,CHALING,113.533,26.8,1957,1998
57891099999,HECHUAN,114.233,26.95,1961,1963
57896099999,HUANGDIAN,114.333,26.25,1957,1961
57896199999,SUI CHUAN,114.5,26.333,1943,1946
57902099999,XINGREN,105.1833333,25.4333333,1956,2024
57906099999,ZHEN FENG,105.65,25.383,1961,1998
57913099999,APPROXIMATE LOCATIO,106.833,25.833,1981,1981
57916099999,LUODIAN,106.7666666,25.4333333,1956,2024
57922099999,DUSHAN,107.55,25.8333333,1945,2024
57925099999,LIU CHAI,107.4,25.3,1957,1963
57932099999,RONGJIANG,108.5333333,25.9666666,1956,2024
57947099999,RONG SHUI,109.25,25.067,1957,2000
57957099999,LIANGJIANG,110.039197,25.218106,1943,2024
57960099999,DAO XIAN NORTH,111.583,25.55,1961,1961
57965099999,DAOXIAN,111.6,25.617,1973,1999
57968099999,TUO JIANG,111.583,25.183,1957,1963
57972099999,CHENZHOU,112.9666666,25.7333333,1956,2024
57982099999,APPROXIMATE LOCALE,113.5,25.833,1975,1985
57992099999,SHANG YU,114.533,25.8,1973,1975
57993099999,GANZHOU,114.95,25.85,1944,2024
57993199999,YAOQIANG,117.215994,36.856561,2007,2024
57996099999,XIN FENG,114.933,25.4,1959,2000
58005099999,SHANGQIU,115.633,34.4,1961,1991
58015099999,TANG SHAN,116.333,34.417,1957,2000
58027099999,XUZHOU,117.15,34.2833333,1956,2024
58028099999,XUZHOU GUANYIN AIRPORT,117.556442,34.059375,1974,1974
58040099999,GANYU,119.1333333,34.85,1958,2024
58044099999,NANCHENG NORTHEAST,119.25,34.583,1956,1957
58057099999,LIUDUO SOUTHWEST,120.217,34.067,1957,1959
58102099999,BOXIAN,115.7333333,33.7833333,1956,2024
58122099999,SUINING,117.95,33.9,1957,1999
58138099999,HONGZE HU LAKE,118.667,33.333,1957,1999
58141099999,HUAIYIN,118.9333333,33.6333333,2004,2024
58144099999,QINGJIANG,119.0333333,33.6,1956,2000
58150099999,SHEYANG,120.3,33.75,1960,2024
58203099999,FUYANG,115.7333333,32.8666666,1957,2024
58208099999,GUSHI,115.6166666,32.1666666,1956,2024
58215099999,SHOUXIAN SHOUYANG,116.783,32.583,1957,2000
58221099999,BENGBU,117.3,32.85,1956,2024
58236099999,CHUZHOU EAST,118.333,32.317,1957,1961
58238099999,LUKOU,118.862025,31.742042,1956,2024
58239099999,LISHE,121.465069,29.824944,2007,2024
58241099999,GAOYOU,119.45,32.783,1959,2000
58250099999,HAIAN NORTHEAST,120.467,32.567,1974,1974
58251099999,DONGTAI,120.2833333,32.85,1956,2024
58259099999,NANTONG JINSHA,120.867,32.1,1957,2000
58265099999,LUSI,121.6,32.0666666,1957,2024
58314099999,HUOSHAN,116.3333333,31.4,1956,2024
58321099999,LUOGANG,117.298436,31.780019,1956,2023
58321199999,PUDONG,121.805214,31.143378,2004,2024
58321299999,JINJIANG AIRPORT,118.589722,24.796389,2014,2014
58321399999,ZHOUSHAN AIRPORT,122.362,29.9342,2014,2014
58326099999,CHAOHU WEST,117.833,31.6,1957,1961
58334099999,WU HU,118.35,31.333,1957,1985
58338099999,WUHUXIAN,118.5833333,31.15,1986,2024
58343099999,CHANGZHOU,119.95,31.767,1956,1999
58345099999,LIYANG,119.4833333,31.4333333,1957,2024
58358099999,SUZHOU,120.617,31.267,1957,1999
58362099999,SHANGHAI,121.4666666,31.4,1991,2024
58367099999,HONGQIAO INTERNATIONAL,121.336319,31.197875,1956,2024
58402099999,YINGSHAN,115.667,30.75,1959,2000
58407099999,QIZHOU,115.333,30.067,1957,1999
58424099999,ANQING,116.9666666,30.6166666,1956,2024
58436099999,HELIXI,118.967,30.633,1959,1961
58437099999,HUANG SHAN,118.15,30.1333333,1956,2024
58445099999,TIANMU SHAN MTNS,119.417,30.35,1957,1998
58457099999,XIAOSHAN,120.431667,30.228333,1956,2024
58464099999,ZHA PU,121.083,30.617,1957,2000
58472099999,SHENGSI,122.45,30.7333333,1958,2024
58473099999,SHENG SHANG,122.817,30.717,1980,1993
58474099999,DACHU SHAN,122.3,30.45,1989,1990
58477099999,DINGHAI,122.1166666,30.0333333,1956,2024
58502099999,FENLU SOUTHEAST,115.917,29.75,1956,1963
58506099999,LU SHAN,115.9833333,29.5833333,1956,2024
58519099999,GU XIAN DU,116.883,29.083,1957,2000
58527099999,JINGDEZHEN,117.2,29.3,1956,2024
58528099999,KOMATSUSHIMA AB,117.5,29.167,1980,1981
58529099999,APPROXIMATE LOCATIO,117.833,29.167,1980,1980
58531099999,TUNXI,118.267,29.717,1957,2012
58543099999,CHUN AN,119.0166666,29.6166666,2015,2024
58549099999,JINHUA,119.633,29.15,1957,2000
58556099999,SHENGXIAN,120.8166666,29.6,1957,2024
58562099999,NINGBO,121.467,29.917,1957,2000
58569099999,SHIPU,121.95,29.2,1957,2024
58606099999,CHANGBEI INTERNATIONAL,115.9,28.865,1956,2024
58608099999,QINGJIANG ZHANGSHUZ,115.533,28.05,1957,1999
58626099999,SHANGRAO,117.983,28.483,1957,1999
58632099999,CHANG SHAN,118.5,28.933,1981,1981
58633099999,QU XIAN,118.8666666,28.9666666,1956,2024
58634099999,YUSHAN,118.25,28.683,1957,2000
58646099999,LISHUI,119.9166666,28.45,1956,2024
58647099999,LONGQUAN,119.083,28.1,1957,2000
58648099999,AN REN,119.333,28.05,1981,1981
58653099999,KUOCANG SHAN,120.917,28.817,1957,1994
58659099999,WENZHOU,120.6666666,28.0166666,1956,2014
58660099999,LINHAI REPLACED BY 58652 XIANJU,121.133,28.85,1994,2010
58665099999,HONGJIA,121.4166666,28.6166666,1956,2000
58666099999,DACHEN DAO,121.8833333,28.45,1959,2024
58667099999,YU HUAN,121.217,28.133,1957,2000
58715099999,NANCHENG,116.65,27.5833333,1956,2024
58721099999,NAME UNKNOWN ONC,117.05,27.717,1974,1974
58725099999,SHAOWU,117.4666666,27.3333333,1957,2024
58726099999,QIXIAN SHAN,117.833,27.95,1956,1991
58730099999,WUYISHAN,118.0333333,27.7666666,1992,2024
58731099999,PUCHENG,118.5333333,27.9166666,1956,2024
58732099999,APPROXIMATE LOCATIO,118.5,27.833,1980,1981
58737099999,JIAN OU,118.3166667,27.05,1957,1999
58745099999,SHOU NING,119.483,27.467,1957,1962
58752099999,RUIAN,120.65,27.7833333,2004,2024
58754099999,FUDING,120.2,27.3333333,1956,2024
58764099999,DONG GUA ISLAND,121.05,27.633,1959,1983
58765099999,NANJI SHAN,121.05,27.467,1983,1994
58811099999,LO KOU,116.067,26.85,1973,1973
58813099999,GUANGCHANG,116.3333333,26.85,1957,2024
58815099999,NING HUA,116.65,26.267,1973,1981
58820099999,SANMING,117.617,26.183,1957,2000
58821099999,TAI NING,117.167,26.9,1973,1974
58825099999,JIANG LE,117.367,26.767,1973,1981
58826099999,SHA XIAN,117.783,26.4,1973,1981
58831099999,XIA YANG,118,26.783,1957,1982
58834099999,NANPING,118.15,26.6333333,1956,2024
58846099999,LUOYUAN,119.533,26.517,1957,1999
58847099999,FUZHOU,119.2833333,26.0833333,1956,2024
58849099999,MAZU,119.9333333,26.1666666,1956,1999
58850099999,SONGCHENG NORTHEAST,120.067,26.933,1960,1963
58852099999,TA YU MOUNTAIN,120.383,26.917,1957,1960
58853099999,TAISHAN,120.7,27,1963,1992
58911099999,CHANGTING,116.3666666,25.85,1957,2024
58918099999,SHANGHANG,116.35,25.067,1957,1999
58921099999,YONG AN,117.35,25.9666666,1956,2024
58926099999,ZHANG PING,117.4,25.3,1994,2024
58927099999,LONGYAN,117.017,25.1,1956,1993
58928099999,ZHANG PING,117.4,25.3,1974,1981
58931099999,JIUXIAN SHAN,118.1,25.7166666,1956,2024
58933099999,ZHANGCHENG SOUTHWEST,118.917,25.867,1960,1961
58938099999,HUNG LAI,118.517,25.083,1988,1989
58941099999,HESHANG SOUTHEAST,119.567,25.933,1957,1961
58944099999,PINGTAN,119.7833333,25.5166666,1956,2024
58947099999,DAI TOU,119.2,25.267,1980,1980
58965099999,TAOYUAN,121.2166666,25.05,1956,1989
58968099999,TAIBEI,121.5166666,25.0333333,1957,2024
58969099999,589690,121.533,25.067,1973,1989
58974099999,PENGJIA YU,122.0666666,25.6333333,1973,2024
59007099999,GUANGNAN,105.0666666,24.0666666,1956,2024
59021099999,TIAN E LIUPAI,107.2,25.083,1973,1999
59023099999,HECHI,108.05,24.7,1956,2024
59037099999,DU AN,108.083,24.017,1957,1961
59046099999,LIUZHOU,109.4,24.35,1943,2024
59058099999,MENGSHAN,110.5166666,24.2,1957,2024
59065099999,HEXIAN BABU,111.567,24.467,1957,2000
59072099999,LIANZHOU,112.3666666,24.8,1956,2024
59082099999,SHAOGUAN,113.6,24.6666666,1956,2024
59087099999,FOGANG,113.5166666,23.8833333,1957,2024
59096099999,LIANPING,114.4833333,24.3666666,1957,2024
59102099999,XUNWU,115.65,24.95,1956,2024
59117099999,MEI XIAN,116.0666666,24.2833333,1956,2024
59126099999,ZHANGZHOU,117.65,24.633,1957,1998
59133099999,JIN JIANG,118.583,24.8,1957,2000
59134099999,GAOQI,118.127739,24.544036,1956,2024
59135099999,CHIN MEN,118.433,24.433,1956,1973
59153099999,XIN ZHU,120.95,24.817,1956,1973
59158099999,TAIZHONG,120.6833333,24.15,1956,2024
59159099999,TAICHUNG,120.65,24.183,1973,1980
59162599999,YANCHENG,120.2,33.4166666,2014,2014
59163099999,I LAN FORMOSA NILAN,121.75,24.767,1956,1959
59209099999,NAPO,105.95,23.3,1973,2024
59211099999,BAISE,106.6,23.9,1956,2024
59218099999,XINJING,106.417,23.133,1957,1999
59224099999,PINGMA,107.117,23.6,1957,1987
59228099999,LONG AN,107.65,23.133,1988,2000
59242099999,DA WAN,109.417,23.85,1957,2000
59254099999,GUIPING,110.0833333,23.4,1956,2024
59265099999,WUZHOU,111.3,23.4833333,1956,2024
59271099999,HUAIJI,112.2,23.95,1957,2000
59273099999,QINGCHENG,112.867,23.667,1974,1974
59278099999,GAOYAO,112.4666666,23.05,1957,2024
59287099999,BAIYUN INTERNATIONAL,113.298786,23.392436,1945,2024
59287199999,HUANGHUA,113.219633,28.189158,2004,2024
59293099999,HEYUAN,114.7333333,23.8,1956,2024
59298099999,HUI YANG,114.417,23.083,1957,2000
59303099999,SONG LIN BA,115.967,23.967,1957,2000
59309099999,DAPING,115.85,23.183,1975,1975
59311099999,APPROXIMATE LOCALE,116.017,23.767,1974,1975
59316099999,SHANTOU,116.6833333,23.4,1956,2023
59317099999,HUILAI,116.3,23.083,1957,2000
59321099999,GULEITOU,117.55,23.8,1956,1961
59324099999,LUNG AO NAN AO TAO,117.017,23.433,1957,1961
59327099999,APPROXIMATE LOCALE,117.167,23.167,1984,1986
59345099999,MAGONG,119.5666666,23.5166666,1956,1989
59346099999,P ENG HU,119.567,23.533,1973,1979
59353099999,ALI SHAN,120.8,23.5166666,1949,1952
59354099999,CHIA YI,120.383,23.467,1956,1974
59358099999,TAINAN,120.2166666,23,1956,2024
59361099999,HUA LIAN CITY,121.6,23.983,1973,1980
59362099999,HUALIAN,121.6166666,24.0166666,1956,1989
59417099999,LONGZHOU,106.75,22.3666666,1956,2024
59427099999,NING MING,107.133,22.117,1980,1980
59431099999,WUXU,108.172442,22.608267,1944,2024
59446099999,BOBAI,109.967,22.25,1957,2000
59453099999,CEN XI,110.983,22.933,1957,1999
59456099999,XINYI,110.9333333,22.35,1956,2024
59462099999,LUODING,111.55,22.717,1959,1999
59478099999,TAI SHAN,112.783,22.267,1956,2000
59493099999,BAOAN INTERNATIONAL,113.810664,22.639258,1957,2024
59501099999,SHANWEI,115.3666666,22.7833333,1956,2024
59505099999,APPROXIMATE LOCALE,115.5,22.5,1984,1986
59550099999,TAINAN,120.183,22.95,1973,1979
59552099999,LU CHU,120.3,22.833,1956,1959
59558099999,HENG CHUN AIRPORT,120.733,22.033,1973,1973
59559099999,HENGCHUN,120.75,22,1956,2024
59560099999,CHIN HONG,121.167,22.8,1973,1976
59562099999,TAIDONG,121.15,22.75,1956,2024
59567099999,LAN YU,121.55,22.0333333,1973,2024
59568099999,ORCHID ISL.,121.55,22.033,1980,1981
59626099999,DONG XING,107.967,21.55,1959,2000
59632099999,QINZHOU,108.6166666,21.95,1956,2024
59634099999,WANWEI,108.167,21.55,1957,1957
59644099999,BEIHAI,109.1,21.4833333,1945,2024
59644199999,BEIHAI AIRPORT,109.293889,21.539444,2010,2013
59647099999,WEI ZHOU ISLAND,109.117,21.033,1957,2000
59658099999,ZHANJIANG,110.4,21.2166667,1956,2024
59663099999,YANGJIANG,111.9666666,21.8666666,1956,2024
59664099999,TIAN CHENG,111.3,21.517,1957,2000
59673099999,SHANGCHUAN DAO,112.7666666,21.7333333,1959,2024
59738099999,DAO BACH LONG ISLAN,107.733,20.133,1973,1980
59754099999,XUWEN,110.167,20.367,1957,2000
59758099999,HAIKOU,110.25,20,1956,2024
59792099999,DONGSHA DAO,116.7166666,20.6666666,1973,2024
59838099999,DONGFANG,108.6166666,19.1,1956,2024
59845099999,DANXIAN,109.5833333,19.5166666,1957,2024
59849099999,XIN SHI,109.883,19.067,1957,2000
59853099999,APPROXIMATE LOCALE,110.833,19.833,1983,1986
59855099999,QIONGHAI,110.4666666,19.2333333,1956,2024
59858099999,BOGUS CHINESE,110.483,19.25,1974,1981
59948099999,SANYA,109.5833333,18.2166666,1956,2024
59954099999,LING SHUI,110,18.5,1957,2000
59955099999,DA ZHOU ISLAND,110.467,18.667,1974,1980
59981099999,XISHA DAO,112.3333333,16.8333333,1957,2024
59985099999,SANHU DAO,111.6166666,16.5333333,1975,2024
59995099999,YONGSHUJIAO,112.8833333,9.5333333,1988,2001
59997099999,NANSHA DAO,114.3666666,10.3833333,1973,2024
74925999999,MANGSHI,98.583,24.45,1945,1945
74932199999,YANG CHIEH,103.083,25.5,1943,1945
74932299999,YUN NAN I,100.733,25.417,1943,1945
74932399999,XIQIAO,103.583,25,1944,1945
74932499999,ZHE SHANG EAST,106.083,23.75,1945,1945
74932599999,LO PING,104.35,24.95,1945,1945
74932799999,HSUPU CHINA AAB,110.566,27.866,1945,1945
74932999999,XINGANG,116.133,29.75,1946,1946
74933699999,CHING SHUI PU NORTH,104.033,30.25,1943,1946
74933799999,LIULIN SOUTHWEST,109.45,36.517,1944,1946
74933899999,AO CHIA CHANG NORTH,104,31.117,1945,1945
74933999999,QIONGLAI NORTHEAST,103.533,30.45,1945,1945
74934099999,GUANBA NORTH,107.833,30.583,1945,1946
74934199999,ERH LANG PA NORTH,107.2,32.967,1945,1945
74934299999,SIAN CHINA,108.916,34.25,1945,1945
74934499999,LANCHOW CHINA,103.75,36,1945,1946
74934599999,HUA CHIAO SOUTHEAST,103.917,30.417,1946,1946
74934699999,LENG CHI NORTHWEST,111.5,32.417,1945,1945
74934799999,HSIA KUAN SOUTHEAST,118.75,32.083,1945,1948
74934899999,HANKOW CHINA,114.25,30.583,1945,1948
74935099999,HANGCHOW CHINA,120.166,30.233,1945,1946
74935199999,CHA YIN LU SOUTHWEST,121.5,31.317,1945,1947
99999943204,HUNG CHIA,121.45,31.23333,1945,1949
99999943205,TSINGTAO,120.383,36.183,1945,1948
99999944101,PEKING,116.5,40,1946,1946
